{
  "symmetric": {
    "fp32_metrics": {
      "precision": 0.9227,
      "recall": 0.7052,
      "f1": 0.7994,
      "accuracy": 0.9913,
      "tp": 8566,
      "fp": 717,
      "fn": 3581,
      "tn": 478918
    },
    "int16_metrics_same_th": {
      "precision": 0.2706,
      "recall": 0.1984,
      "f1": 0.2289,
      "accuracy": 0.967,
      "tp": 2409,
      "fp": 6495,
      "fn": 9737,
      "tn": 473141
    },
    "int16_metrics_own_th": {
      "precision": 0.3007,
      "recall": 0.2754,
      "f1": 0.2875,
      "accuracy": 0.9663,
      "tp": 3345,
      "fp": 7780,
      "fn": 8802,
      "tn": 471855
    },
    "accuracy_loss": {
      "f1_loss": 0.5705,
      "acc_loss": 0.02429999999999999
    },
    "output_difference": {
      "max_abs_diff": 214.9157257080078,
      "avg_abs_diff": 15.17820930480957,
      "std_abs_diff": 28.623506546020508
    },
    "acceptance": {
      "f1_acceptable": false,
      "acc_acceptable": false,
      "diff_acceptable": false,
      "all_pass": false
    },
    "memory_analysis": {
      "fp32_bytes": 25540,
      "int16_bytes": 12770,
      "memory_saving": 50.0
    }
  },
  "asymmetric": {
    "fp32_metrics": {
      "precision": 0.9227,
      "recall": 0.7052,
      "f1": 0.7994,
      "accuracy": 0.9913,
      "tp": 8566,
      "fp": 717,
      "fn": 3581,
      "tn": 478918
    },
    "int16_metrics_same_th": {
      "precision": 0.0,
      "recall": 0.0,
      "f1": 0.0,
      "accuracy": 0.9753,
      "tp": 0,
      "fp": 0,
      "fn": 12147,
      "tn": 479636
    },
    "int16_metrics_own_th": {
      "precision": 0.0247,
      "recall": 1.0,
      "f1": 0.0482,
      "accuracy": 0.0247,
      "tp": 12147,
      "fp": 479636,
      "fn": 0,
      "tn": 0
    },
    "accuracy_loss": {
      "f1_loss": 0.7994,
      "acc_loss": 0.016000000000000014
    },
    "output_difference": {
      "max_abs_diff": 300.1523132324219,
      "avg_abs_diff": 29.416015625,
      "std_abs_diff": 46.702842712402344
    },
    "acceptance": {
      "f1_acceptable": false,
      "acc_acceptable": false,
      "diff_acceptable": false,
      "all_pass": false
    },
    "memory_analysis": {
      "fp32_bytes": 25540,
      "int16_bytes": 12770,
      "memory_saving": 50.0
    }
  },
  "model": "SAGE2-Lite-64",
  "num_params": 6385,
  "num_graphs": 416
}