{
  "model": "SAGE2-Lite-64",
  "num_params": 6385,
  "num_graphs": 416,
  "fp32_metrics": {
    "precision": 0.9227,
    "recall": 0.7052,
    "f1": 0.7994,
    "accuracy": 0.9913,
    "tp": 8566,
    "fp": 717,
    "fn": 3581,
    "tn": 478918
  },
  "int8_metrics": {
    "precision": 0.2996,
    "recall": 0.2832,
    "f1": 0.2912,
    "accuracy": 0.9659,
    "tp": 3440,
    "fp": 8042,
    "fn": 8707,
    "tn": 471593
  },
  "accuracy_loss": {
    "f1_loss": 0.5082,
    "acc_loss": 0.025399999999999978
  },
  "output_difference": {
    "max_abs_diff": 214.9807586669922,
    "avg_abs_diff": 15.162559509277344,
    "std_abs_diff": 28.6569766998291
  },
  "acceptance": {
    "f1_acceptable": false,
    "acc_acceptable": false,
    "diff_acceptable": false,
    "all_pass": false
  },
  "memory_analysis": {
    "fp32_bytes": 25540,
    "int8_bytes": 6385,
    "memory_saving": 75.0
  }
}