{
  "scale": 1.0163153409957886,
  "shift": -0.9731941819190979
}