{
  "model": "SAGE2-Lite-64-QAT",
  "quantization": "INT8",
  "fp32_metrics": {
    "precision": 0.9393232657518257,
    "recall": 0.710088134110193,
    "f1": 0.8087761551300116,
    "accuracy": 0.9917059048335723
  },
  "int8_metrics_same_threshold": {
    "precision": 0.983666196883208,
    "recall": 0.675346104480851,
    "f1": 0.8008561885024732,
    "accuracy": 0.991703752430812
  },
  "int8_metrics_own_threshold": {
    "precision": 0.983666196883208,
    "recall": 0.675346104480851,
    "f1": 0.8008561885024732,
    "accuracy": 0.991703752430812
  },
  "fp32_threshold": 0.35,
  "int8_threshold": 0.3,
  "f1_loss_pct": 0.9793,
  "acc_loss_pct": 0.0002,
  "max_diff": 0.529879,
  "avg_diff": 0.004639,
  "std_diff": 0.02263,
  "fp32_memory_bytes": 25540,
  "int8_memory_bytes": 6385,
  "memory_saving_pct": 75.0,
  "acceptance": false,
  "activation_params": {
    "h0": {
      "min": 0.0,
      "max": 1.0,
      "scale": 0.007874015748031496,
      "zero_point": 0
    },
    "h1": {
      "min": 0.0,
      "max": 2.5446231365203857,
      "scale": 0.02003640264976682,
      "zero_point": 0
    },
    "h2": {
      "min": 0.0,
      "max": 14.19983959197998,
      "scale": 0.1118097605667715,
      "zero_point": 0
    },
    "h3": {
      "min": 0.0,
      "max": 75.31849670410156,
      "scale": 0.593059029166154,
      "zero_point": 0
    },
    "out": {
      "min": 0.0,
      "max": 1.0,
      "scale": 0.007874015748031496,
      "zero_point": 0
    }
  }
}