{
  "cross_design": {
    "ecc": {
      "f1": 0.9885057471264368,
      "precision": 0.9772727272727273,
      "recall": 1.0,
      "accuracy": 0.9993270524899058,
      "mse": 0.000902519968803972,
      "mae": 0.004527336917817593,
      "r2": 0.969465434551239,
      "corr": 0.9846862554550171
    },
    "parity": {
      "f1": 0.9090909090909091,
      "precision": 1.0,
      "recall": 0.8333333333333334,
      "accuracy": 0.9972826086956522,
      "mse": 0.0021316898055374622,
      "mae": 0.009818139486014843,
      "r2": 0.9023575186729431,
      "corr": 0.9504455327987671
    },
    "dice_tmr": {
      "f1": 1.0,
      "precision": 1.0,
      "recall": 1.0,
      "accuracy": 1.0,
      "mse": 2.8681151889031753e-05,
      "mae": 0.0021162673365324736,
      "r2": 0.9994193315505981,
      "corr": 0.9997482299804688
    }
  },
  "leave_one_category_out": {
    "ecc": {
      "f1": 0.0,
      "precision": 0.0,
      "recall": 0.0,
      "accuracy": 0.9468371467025573,
      "mse": 0.051361601799726486,
      "mae": 0.061253856867551804,
      "r2": -0.7376940250396729,
      "corr": -0.03268888220191002,
      "threshold": 0.35
    },
    "parity": {
      "f1": 0.0,
      "precision": 0.0,
      "recall": 0.0,
      "accuracy": 0.9836956521739131,
      "mse": 0.025152750313282013,
      "mae": 0.05809830501675606,
      "r2": -0.15212702751159668,
      "corr": -0.11295522749423981,
      "threshold": 0.5
    },
    "dice_tmr": {
      "f1": 0.0,
      "precision": 0.0,
      "recall": 0.0,
      "accuracy": 0.94795978710822,
      "mse": 0.05324176698923111,
      "mae": 0.06276233494281769,
      "r2": -0.07786524295806885,
      "corr": -0.10596484690904617,
      "threshold": 0.5
    }
  },
  "best_threshold": 0.65,
  "model_path": "D:\\learning\\AI_RESEARCH\\ai_project\\common\\scripts\\sim\\formal_test\\data\\models\\local_seed42.pt"
}